date,open,close,volume
2020-01-02,100.85,101.1,438094
2020-01-03,99.56,101.34,995170
2020-01-06,101.0,101.77,636822
2020-01-07,102.62,103.0,900522
2020-01-08,103.29,103.24,948809
2020-01-09,103.46,102.75,154634
2020-01-10,101.11,101.56,712826
2020-01-13,100.84,100.62,746756
2020-01-14,100.54,101.51,502640
2020-01-15,101.66,102.11,450470
2020-01-16,101.96,101.39,400571
2020-01-17,101.68,103.25,624090
2020-01-20,102.89,105.43,192675
2020-01-21,105.52,105.15,375998
2020-01-22,103.86,104.0,643685
2020-01-23,103.47,103.81,724854
2020-01-24,103.94,104.54,461476
2020-01-27,105.4,104.62,989038
2020-01-28,104.6,106.21,169527
2020-01-29,106.6,107.05,447935
2020-01-30,106.04,106.72,277822
2020-01-31,105.77,104.11,111186
2020-02-03,103.72,103.71,634138
2020-02-04,103.21,103.38,441848
2020-02-05,104.14,106.06,954948
2020-02-06,106.66,106.58,586948
2020-02-07,107.3,107.26,834483
2020-02-10,106.36,107.45,405333
2020-02-11,107.53,107.86,618110
2020-02-12,107.25,106.16,329305
2020-02-13,105.65,107.54,758282
2020-02-14,107.52,109.0,984521
2020-02-17,109.14,106.17,654268
2020-02-18,106.15,109.47,503263
2020-02-19,108.63,110.03,466758
2020-02-20,110.65,112.75,330762
2020-02-21,111.76,113.53,701722
2020-02-24,113.09,112.91,923954
2020-02-25,112.59,112.61,630602
2020-02-26,113.26,115.16,408143
2020-02-27,115.32,115.96,362490
2020-02-28,115.43,115.22,570854
2020-03-02,115.01,115.77,964481
2020-03-03,116.11,113.91,564787
2020-03-04,114.49,116.21,845265
2020-03-05,115.31,115.19,644670
2020-03-06,113.77,115.11,230384
2020-03-09,115.65,115.72,206980
2020-03-10,115.99,116.54,871738
2020-03-11,115.89,115.54,618473
2020-03-12,115.56,114.62,805135
2020-03-13,113.46,113.58,240191
2020-03-16,114.16,113.83,304123
2020-03-17,114.82,115.73,459625
2020-03-18,116.37,118.02,332377
2020-03-19,117.27,116.94,366052
2020-03-20,118.11,119.14,876679
2020-03-23,118.68,120.6,824074
2020-03-24,121.46,120.56,904342
2020-03-25,119.92,119.68,349356
2020-03-26,120.43,121.61,839054
2020-03-27,121.71,122.25,449572
2020-03-30,122.26,120.44,743713
2020-03-31,121.65,120.79,994137
2020-04-01,119.87,119.27,344253
2020-04-02,119.53,118.79,999380
2020-04-03,119.07,118.12,180905
2020-04-06,117.71,117.29,792898
2020-04-07,117.33,119.14,439048
2020-04-08,119.02,121.49,133034
2020-04-09,121.16,119.54,847064
2020-04-10,118.6,118.59,638036
2020-04-13,117.24,114.83,339648
2020-04-14,114.76,115.79,605706
2020-04-15,115.71,117.25,628097
2020-04-16,116.09,118.26,409551
2020-04-17,117.87,118.86,600424
2020-04-20,119.15,118.43,422759
2020-04-21,118.63,118.33,650060
2020-04-22,119.14,118.93,278074
2020-04-23,118.46,118.15,208527
2020-04-24,116.53,117.25,401028
2020-04-27,118.23,118.83,291196
2020-04-28,118.74,118.28,887297
2020-04-29,118.14,117.29,162183
2020-04-30,118.58,117.07,913407
2020-05-01,117.68,115.23,540953
2020-05-04,116.25,118.47,404860
2020-05-05,119.05,120.04,215504
2020-05-06,119.98,118.88,318302
2020-05-07,118.06,117.18,251280
2020-05-08,115.68,114.91,155751
2020-05-11,115.25,115.22,897608
2020-05-12,115.22,116.27,600501
2020-05-13,116.02,116.59,650530
2020-05-14,117.19,117.01,177297
2020-05-15,117.55,117.07,638871
2020-05-18,117.24,117.44,775040
2020-05-19,116.46,115.65,415263
2020-05-20,116.47,115.59,459792
2020-05-21,114.64,114.42,562119
2020-05-22,113.66,111.85,230617
2020-05-25,111.07,111.17,720278
2020-05-26,110.92,109.55,461838
2020-05-27,109.07,107.21,921576
2020-05-28,105.99,105.66,214122
2020-05-29,106.14,107.4,312182
2020-06-01,107.44,107.06,514448
2020-06-02,107.55,107.8,397373
2020-06-03,108.23,108.22,882835
2020-06-04,107.69,108.34,476797
2020-06-05,108.9,108.87,852991
2020-06-08,109.15,110.02,678446
2020-06-09,109.63,108.85,575874
2020-06-10,108.95,109.24,395740
2020-06-11,109.25,108.26,541024
2020-06-12,108.45,109.53,991613
2020-06-15,109.41,108.19,581431
2020-06-16,108.47,109.66,512465
2020-06-17,108.96,107.98,575083
2020-06-18,107.34,106.85,759667
2020-06-19,106.4,105.29,901383
2020-06-22,105.12,106.56,253094
2020-06-23,106.56,107.34,384494
2020-06-24,106.05,106.79,896273
2020-06-25,106.53,107.52,639820
2020-06-26,107.12,106.92,972350
2020-06-29,106.63,106.06,565264
2020-06-30,105.19,103.54,770508
2020-07-01,102.64,102.66,667069
2020-07-02,102.38,100.43,919892
2020-07-03,100.91,100.74,612122
2020-07-06,100.41,101.25,698828
2020-07-07,101.87,102.68,135759
2020-07-08,102.6,101.36,747378
2020-07-09,102.11,104.14,437763
2020-07-10,103.99,103.81,247301
2020-07-13,104.22,104.02,250508
2020-07-14,104.29,103.1,501564
2020-07-15,102.59,102.53,293357
2020-07-16,102.71,103.72,851896
2020-07-17,102.93,102.38,117783
2020-07-20,101.94,101.19,773744
2020-07-21,100.86,98.99,229400
2020-07-22,100.01,100.27,789663
2020-07-23,100.16,99.75,327497
2020-07-24,99.87,99.67,200860
2020-07-27,100.38,100.2,460954
2020-07-28,101.78,102.19,458589
2020-07-29,101.88,101.41,442907
2020-07-30,100.71,98.39,638576
2020-07-31,98.17,98.98,626342
2020-08-03,98.86,99.63,148975
2020-08-04,99.35,99.34,200378
2020-08-05,99.35,100.29,951641
2020-08-06,101.64,100.28,653368
2020-08-07,102.4,103.77,614115
2020-08-10,103.43,105.75,945569
2020-08-11,106.78,105.85,191851
2020-08-12,105.94,107.86,772111
2020-08-13,108.48,111.33,773112
2020-08-14,111.28,112.76,457610
2020-08-17,113.1,113.46,558916
2020-08-18,113.89,114.42,238376
2020-08-19,114.55,114.99,603630
2020-08-20,114.32,112.73,637826
2020-08-21,111.7,111.09,764557
2020-08-24,110.92,112.75,856839
2020-08-25,113.31,113.36,407411
2020-08-26,112.58,112.07,964582
2020-08-27,113.23,110.94,345131
2020-08-28,110.23,110.6,917970
2020-08-31,109.29,108.9,456339
2020-09-01,108.09,108.31,340797
2020-09-02,108.7,111.79,593109
2020-09-03,111.41,110.11,487782
2020-09-04,109.67,110.37,751905
2020-09-07,112.06,112.58,485693
2020-09-08,111.76,109.5,602710
2020-09-09,109.2,107.48,514482
2020-09-10,108.04,106.94,855847
2020-09-11,108.34,108.6,647360
2020-09-14,107.98,107.69,650011
2020-09-15,108.44,106.77,941072
2020-09-16,106.08,105.86,874799
2020-09-17,106.45,107.16,637665
2020-09-18,107.86,107.86,152842
2020-09-21,107.96,107.66,537971
2020-09-22,108.73,107.7,406761
2020-09-23,107.34,109.43,616100
2020-09-24,109.17,107.57,180773
2020-09-25,107.86,108.05,494726
2020-09-28,108.36,108.66,582192
2020-09-29,109.47,108.64,674115
2020-09-30,108.68,106.96,910521
2020-10-01,107.77,105.6,534855
2020-10-02,106.07,107.32,157544
2020-10-05,107.61,105.33,796499
2020-10-06,105.21,105.8,847071
2020-10-07,104.57,104.46,842908
2020-10-08,104.42,102.6,244056
2020-10-09,103.33,102.25,201378
2020-10-12,101.73,99.97,355836
2020-10-13,100.19,97.54,817792
2020-10-14,97.43,98.78,979611
2020-10-15,98.94,97.02,685385
2020-10-16,96.73,95.87,576164
2020-10-19,96.04,95.13,291431
2020-10-20,95.82,97.43,676466
2020-10-21,97.26,95.22,825574
2020-10-22,95.35,96.14,711507
2020-10-23,96.12,96.87,976816
2020-10-26,97.38,97.56,102686
2020-10-27,97.81,98.12,514627
2020-10-28,97.5,96.74,516559
2020-10-29,96.73,96.72,734518
2020-10-30,97.4,97.8,380070
2020-11-02,97.27,97.69,430930
2020-11-03,97.91,96.45,626679
2020-11-04,96.0,96.39,471716
2020-11-05,96.26,94.57,306401
2020-11-06,95.08,97.2,170077
2020-11-09,97.68,97.14,799920
2020-11-10,96.81,96.06,512810
2020-11-11,95.89,96.92,934821
2020-11-12,96.85,97.85,789351
2020-11-13,98.38,98.77,866956
2020-11-16,99.68,99.54,405673
2020-11-17,98.67,98.03,268149
2020-11-18,98.41,100.86,641771
2020-11-19,100.22,99.77,409239
2020-11-20,99.49,98.73,152621
2020-11-23,98.61,100.77,750951
2020-11-24,100.64,99.12,601238
2020-11-25,99.62,98.79,610692
2020-11-26,98.14,99.96,180140
2020-11-27,100.22,98.98,267182
2020-11-30,98.84,98.96,805370
2020-12-01,98.55,96.99,253244
2020-12-02,96.7,96.18,286452
2020-12-03,95.99,96.25,576198
2020-12-04,96.26,94.19,967561
2020-12-07,94.1,94.17,551532
2020-12-08,94.56,95.25,730975
2020-12-09,94.94,95.88,744968
2020-12-10,96.48,95.98,334855
2020-12-11,95.24,97.71,447068
2020-12-14,96.98,96.97,754740
2020-12-15,96.37,96.04,959283
2020-12-16,95.97,97.64,793175
2020-12-17,97.1,96.57,207198
2020-12-18,97.34,97.45,845825
2020-12-21,97.18,98.36,921788
2020-12-22,98.2,99.12,646477
2020-12-23,98.63,98.93,799157
2020-12-24,99.5,100.36,888873
2020-12-25,99.91,101.61,669636
2020-12-28,100.63,101.92,121397
2020-12-29,101.85,101.49,234531
2020-12-30,101.59,101.77,962757
2020-12-31,101.96,101.3,169589
2021-01-01,101.17,101.55,273947
2021-01-04,101.43,98.89,904442
2021-01-05,98.35,99.88,975445
2021-01-06,100.75,99.1,573371
2021-01-07,98.69,99.35,599821
2021-01-08,99.09,98.47,750776
2021-01-11,98.23,97.69,950143
2021-01-12,97.64,97.75,341087
2021-01-13,97.45,96.89,874883
2021-01-14,97.32,98.11,743746
2021-01-15,97.64,98.94,401764
2021-01-18,98.4,98.16,365519
2021-01-19,97.28,96.32,377388
2021-01-20,95.99,95.89,161126
2021-01-21,95.62,93.73,867792
2021-01-22,93.76,95.2,955117
2021-01-25,94.39,93.89,468508
2021-01-26,93.51,93.2,889451
2021-01-27,92.59,91.98,582609
2021-01-28,92.5,94.12,758495
2021-01-29,93.47,92.97,532712
2021-02-01,92.49,92.69,792507
2021-02-02,92.52,94.48,209332
2021-02-03,93.68,92.58,738235
2021-02-04,92.3,91.86,904590
2021-02-05,91.07,90.92,517413
2021-02-08,91.26,91.43,968241
2021-02-09,91.87,92.22,326832
2021-02-10,93.4,94.73,533644
2021-02-11,94.54,94.24,633620
2021-02-12,95.09,95.65,125844
2021-02-15,95.52,95.59,122569
2021-02-16,95.41,94.8,763644
2021-02-17,95.01,95.38,425125
2021-02-18,96.28,97.15,733656
2021-02-19,96.6,96.68,508155
2021-02-22,97.14,97.51,728094
2021-02-23,97.84,101.52,881227
2021-02-24,101.1,101.74,530743
2021-02-25,101.67,100.65,199922
2021-02-26,101.46,102.53,688371
2021-03-01,102.76,101.6,256129
2021-03-02,102.76,105.14,749097
2021-03-03,104.56,105.32,760407
2021-03-04,105.02,106.01,166105
2021-03-05,106.63,105.88,492694
2021-03-08,105.34,103.76,185913
2021-03-09,103.63,104.57,832121
2021-03-10,104.67,105.55,446357
2021-03-11,106.14,103.13,730684
2021-03-12,103.25,107.26,431810
2021-03-15,106.83,106.8,975326
2021-03-16,106.45,105.54,553167
2021-03-17,105.78,106.38,244776
2021-03-18,106.67,108.33,669088
2021-03-19,107.63,107.22,617622
2021-03-22,107.72,108.27,324018
2021-03-23,109.28,109.85,982679
2021-03-24,110.33,109.42,279051
2021-03-25,109.35,110.22,348172
2021-03-26,109.8,109.8,134795
2021-03-29,109.66,109.99,998659
2021-03-30,111.18,110.54,722487
2021-03-31,110.48,111.25,514359
2021-04-01,111.74,110.37,551793
2021-04-02,110.7,113.86,902793
2021-04-05,115.21,116.57,182346
2021-04-06,116.53,116.57,803703
2021-04-07,116.44,114.73,912340
2021-04-08,114.83,115.86,671247
2021-04-09,116.75,116.52,782694
2021-04-12,116.6,114.07,318845
2021-04-13,113.08,112.78,560592
2021-04-14,112.91,110.91,387915
2021-04-15,110.54,112.89,722996
2021-04-16,112.15,110.39,578403
2021-04-19,109.33,110.16,390069
2021-04-20,110.99,111.07,712704
2021-04-21,112.39,112.03,591794
2021-04-22,111.39,111.98,601528
2021-04-23,111.47,110.62,769491
2021-04-26,110.95,112.9,896805
2021-04-27,111.47,110.88,248839
2021-04-28,111.35,110.46,458957
2021-04-29,110.05,108.17,253478
2021-04-30,108.18,107.47,490238
2021-05-03,107.7,107.47,689751
2021-05-04,107.47,107.6,198387
2021-05-05,108.38,107.85,604675
2021-05-06,108.41,110.54,312007
2021-05-07,111.09,111.86,332253
2021-05-10,112.46,114.19,176977
2021-05-11,115.19,115.07,478866
2021-05-12,114.93,111.78,278147
2021-05-13,111.85,111.42,588048
2021-05-14,110.88,108.54,958787
2021-05-17,108.26,107.02,849636
2021-05-18,106.82,107.39,908015
2021-05-19,106.62,106.79,709416
2021-05-20,107.27,106.85,259979
2021-05-21,105.15,104.61,474153
2021-05-24,103.99,103.17,254101
2021-05-25,101.66,103.44,824563
2021-05-26,103.26,102.18,849578
2021-05-27,100.95,100.32,426617
2021-05-28,99.93,100.23,725689
2021-05-31,100.15,99.79,800816
2021-06-01,100.25,99.9,338613
2021-06-02,101.25,102.95,950954
2021-06-03,103.44,103.38,901685
2021-06-04,103.82,104.59,799705
2021-06-07,103.82,101.92,615451
2021-06-08,101.86,101.53,209308
2021-06-09,100.97,102.0,752912
2021-06-10,100.28,101.91,613005
2021-06-11,102.32,103.72,210134
2021-06-14,103.99,104.01,227895
2021-06-15,103.76,102.67,319189
2021-06-16,102.26,103.64,493796
2021-06-17,104.2,105.7,595534
2021-06-18,105.41,105.48,366789
2021-06-21,105.29,106.64,911513
2021-06-22,106.01,107.66,121608
2021-06-23,106.47,106.38,958132
2021-06-24,106.88,105.0,265186
2021-06-25,105.77,105.17,134645
2021-06-28,104.12,105.09,665706
2021-06-29,105.06,105.88,296247
2021-06-30,106.46,106.43,238729
2021-07-01,106.22,106.27,150424
2021-07-02,107.36,109.03,735583
2021-07-05,108.86,107.15,728509
2021-07-06,106.38,106.77,830440
2021-07-07,107.76,110.29,227114
2021-07-08,110.89,109.89,632730
2021-07-09,109.03,109.49,720404
2021-07-12,109.52,109.63,741830
2021-07-13,109.99,109.45,645097
2021-07-14,109.27,110.15,742726
2021-07-15,109.66,108.96,461702
2021-07-16,109.98,110.75,695745
2021-07-19,112.17,111.97,254230
2021-07-20,111.04,110.34,831730
2021-07-21,110.9,111.22,452563
2021-07-22,110.37,110.23,307519
2021-07-23,110.23,113.12,803170
2021-07-26,113.6,113.27,936430
2021-07-27,113.3,114.41,681163
2021-07-28,113.7,113.24,465982
2021-07-29,112.6,112.36,785987
2021-07-30,113.33,113.92,261508
2021-08-02,113.31,112.0,800626
2021-08-03,112.6,111.02,550899
2021-08-04,111.68,111.58,476376
2021-08-05,110.7,108.27,623693
2021-08-06,108.15,110.78,138086
2021-08-09,111.48,112.09,738397
2021-08-10,111.96,110.56,444775
2021-08-11,110.92,110.25,506447
2021-08-12,110.98,110.58,193695
2021-08-13,110.55,109.4,970940
2021-08-16,109.05,110.44,378711
2021-08-17,109.41,109.52,214374
2021-08-18,110.18,107.31,812380
2021-08-19,106.64,106.08,993420
2021-08-20,107.4,109.27,751675
2021-08-23,109.01,110.14,141387
2021-08-24,110.87,108.07,336170
2021-08-25,108.17,109.0,681925
2021-08-26,108.37,108.37,210849
2021-08-27,109.14,108.01,491707
2021-08-30,108.78,108.39,369899
2021-08-31,109.54,108.24,116739
2021-09-01,108.51,109.68,678993
2021-09-02,109.78,109.84,217763
2021-09-03,110.37,110.2,718101
2021-09-06,109.4,111.25,876148
2021-09-07,111.45,109.71,890802
2021-09-08,109.97,109.28,364048
2021-09-09,108.81,109.79,875915
2021-09-10,109.69,109.05,352613
2021-09-13,109.09,109.98,709051
2021-09-14,110.38,110.7,130986
2021-09-15,111.91,111.83,381792
2021-09-16,112.06,112.62,817857
2021-09-17,112.49,114.6,990836
2021-09-20,114.13,114.9,297893
2021-09-21,114.67,113.81,464849
2021-09-22,112.58,112.13,288451
2021-09-23,112.75,112.51,199225
2021-09-24,112.32,111.38,969074
2021-09-27,111.42,110.85,644649
2021-09-28,109.91,110.35,868447
2021-09-29,110.68,109.95,880635
2021-09-30,110.08,109.56,632130
2021-10-01,109.95,110.68,366245
2021-10-04,111.57,112.51,270625
2021-10-05,111.15,111.05,653238
2021-10-06,111.16,111.49,142537
2021-10-07,111.37,111.95,678284
2021-10-08,113.12,114.14,842912
2021-10-11,114.65,116.37,176718
2021-10-12,116.18,117.24,173551
2021-10-13,116.76,117.46,286995
2021-10-14,117.45,117.68,451545
2021-10-15,118.28,116.56,498692
2021-10-18,115.83,116.52,695512
2021-10-19,115.92,117.13,343866
2021-10-20,117.11,115.96,897532
2021-10-21,116.8,118.14,198097
2021-10-22,118.15,119.2,473605
2021-10-25,118.94,117.39,149821
2021-10-26,117.63,115.45,467977
2021-10-27,115.63,112.63,270865
2021-10-28,112.36,113.38,198139
2021-10-29,113.65,114.96,383722
2021-11-01,114.7,115.22,448827
2021-11-02,115.05,115.34,628196
2021-11-03,115.91,114.82,486408
2021-11-04,115.33,115.62,987993
2021-11-05,115.39,116.18,750615
2021-11-08,117.3,117.59,202743
2021-11-09,117.35,119.69,620199
2021-11-10,118.92,119.45,869189
2021-11-11,119.61,120.12,523745
2021-11-12,120.39,121.18,283014
2021-11-15,121.67,121.43,508003
2021-11-16,120.6,121.58,496316
2021-11-17,121.44,120.87,964898
2021-11-18,121.2,122.35,121315
2021-11-19,122.43,121.67,485999
2021-11-22,121.87,121.49,604717
2021-11-23,120.86,119.16,541110
2021-11-24,120.03,120.81,185537
2021-11-25,120.26,119.26,996866
2021-11-26,118.59,117.24,338346
2021-11-29,116.25,115.11,983086
2021-11-30,114.44,115.97,750107
2021-12-01,116.4,119.2,810496
2021-12-02,119.24,117.35,188218
2021-12-03,116.96,116.42,324320
2021-12-06,116.44,115.6,846405
2021-12-07,115.18,112.13,775660
